English,Portugues
you,você
i,eu
the,o
to,para
a,a
s,s
it,isto
and,e
that,que
t,t
of,de
is,é
in,em
what,o que
we,nós
me,meu
this,esse
he,ele
for,para
my,meu
on,sobre
have,ter
your,seu
do,fazer
was,era
m,m
no,não
not,não
be,ser
are,são
don,vestir
re,ré
know,saber
can,pode
with,com
but,mas
all,todos
so,então
just,apenas
there,lá
here,aqui
they,eles
like,como
ll,ll
get,pegar
she,ela
go,ir
if,se
right,certo
out,fora
about,sobre
up,acima
at,no
him,ele
now,agora
oh,oh
one,um
come,vir
well,bem
her,dela
how,como
yeah,sim
ve,ve
will,vai
got,pegou
want,querer
think,pensar
as,como
see,ver
did,fez
good,bom
who,Quem
why,por que
from,de
let,deixar
his,dele
yes,sim
when,quando
going,indo
time,tempo
an,um
okay,OK
back,voltar
look,olhar
us,nós
would,seria
them,eles
where,onde
were,eram
take,pegar
then,então
had,tive
or,ou
been,estive
our,nosso
gonna,vai
tell,dizer
really,realmente
man,homem
some,alguns
say,dizer
hey,ei
could,poderia
d,d
didn,não
by,por
need,precisar
something,algo
has,tem
too,também
more,mais
way,caminho
down,abaixo
make,fazer
very,muito
never,nunca
only,apenas
people,pessoas
over,sobre
because,porque
little,pequeno
please,por favor
love,amor
should,deve
mean,significar
said,disse
sorry,desculpe
give,dar
off,desligado
am,sou
thank,agradecer
any,qualquer
two,dois
even,até
much,muito
doing,fazendo
sure,claro
thing,coisa
these,esses
help,ajuda
first,primeiro
into,em
anything,qualquer coisa
still,ainda
find,encontrar
life,vida
nothing,nada
sir,senhor
day,dia
god,Deus
work,trabalhar
their,deles
uh,uh
again,de novo
maybe,talvez
must,deve
before,antes
other,outro
wait,espere
stop,parar
call,chamar
after,depois
won,ganho
talk,falar
away,ausente
than,que
thought,pensamento
home,lar
night,noite
put,colocar
great,ótimo
those,aqueles
last,durar
better,melhorar
everything,tudo
told,contado
mr.,senhor.
new,novo
things,coisas
always,sempre
keep,manter
long,longo
years,anos
leave,deixar
does,faz
money,dinheiro
around,em volta
doesn,não
name,nome
place,lugar
ever,sempre
feel,sentir
guys,pessoal
father,pai
guy,cara
made,feito
old,velho
isn,isn
which,qual
big,grande
lot,muito
done,feito
hello,olá
nice,legal
believe,acreditar
girl,garota
someone,alguém
fine,multar
thanks,obrigado
wanted,desejado
kind,tipo
coming,chegando
house,casa
every,todo
ok,OK
through,através
being,ser
course,curso
stay,ficar
left,esquerda
dad,pai
enough,suficiente
happened,ocorrido
came,veio
may,poderia
mother,mãe
wrong,errado
world,mundo
bad,ruim
might,poder
three,três
today,hoje
listen,ouvir
another,outro
understand,entender
hear,ouvir
remember,lembrar
ask,perguntar
own,ter
same,mesmo
show,mostrar
else,outro
kill,matar
talking,conversando
found,encontrado
next,próximo
getting,recebendo
care,Cuidado
car,carro
looking,olhando
son,filho
try,tentar
woman,mulher
went,foi
hi,oi
dead,morto
many,muitos
mind,mente
wasn,não era
friend,amigo
best,melhor
mom,mãe
hell,inferno
morning,manhã
trying,tentando
boy,garoto
together,junto
yourself,você mesmo
job,trabalho
saw,serra
family,família
real,real
without,sem
baby,bebê
room,sala
wouldn,não
already,já
move,mover
most,maioria
seen,visto
live,ao vivo
miss,perder
actually,na verdade
huh,huh
shit,merda
both,ambos
heard,ouviu
once,uma vez
ready,preparar
head,cabeça
called,chamado
used,usado
idea,ideia
knew,sabia
hold,segurar
happy,feliz
door,porta
such,tal
fuck,Porra
brother,irmão
also,também
pretty,bonito
bit,pedaço
took,pegou
haven,refúgio
yet,ainda
men,homens
whole,todo
start,começar
use,usar
while,enquanto
since,desde
wife,esposa
days,dias
guess,adivinhar
tomorrow,amanhã
matter,matéria
meet,encontrar
bring,trazer
tonight,essa noite
everyone,todos
run,correr
wanna,quero
hard,duro
ah,como
alone,sozinho
myself,eu mesmo
school,escola
gone,perdido
um,um
end,fim
saying,ditado
phone,telefone
play,jogar
looks,visual
couldn,não poderia
fucking,Porra
problem,problema
few,alguns
friends,amigos
gotta,preciso
ago,atrás
open,abrir
anyone,qualquer um
killed,morto
hope,ter esperança
face,face
until,até
lost,perdido
police,polícia
excuse,desculpa
turn,vez
business,negócios
case,caso
wants,quer
says,diz
TRUE,verdadeiro
die,o
heart,coração
soon,breve
each,cada
worry,preocupar
later,mais tarde
year,ano
watch,assistir
music,música
hand,mão
having,tendo
probably,provavelmente
beautiful,lindo
doctor,doutor
sit,sentar
eat,comer
thinking,pensamento
young,jovem
second,segundo
working,trabalhando
water,água
person,pessoa
part,papel
kids,crianças
late,tarde
stuff,coisa
exactly,exatamente
under,sob
death,morte
minute,minuto
pay,pagar
crazy,louco
forget,esquecer
everybody,todo mundo
kid,criança
change,mudar
gave,deu
happen,morder
damn,droga
five,cinco
drink,bebida
far,distante
knows,sabe
its,isso é
whatever,qualquer que seja
eyes,olhos
shut,fechar
aren,are
hit,bater
taking,tirando
easy,fácil
times,vezes
check,verificar
hands,mãos
minutes,minutos
deal,negócio
different,diferente
means,significa
point,apontar
inside,dentro
makes,faz
asked,perguntado
somebody,alguém
mine,meu
making,fazendo
body,corpo
afraid,com medo
sleep,dormir
chance,chance
dear,querido
quite,bastante
four,quatro
anyway,de qualquer forma
close,fechar
ain,Ain
party,festa
fun,diversão
against,contra
word,palavra
comes,vem
important,importante
set,definir
shall,podemos
story,história
number,número
daughter,filha
least,ao menos
waiting,esperando
hurt,ferir
wish,desejar
moment,momento
fight,lutar
week,semana
husband,marido
girls,garotas
rest,descansar
married,casado
fire,fogo
game,jogo
nobody,ninguém
mr,senhor
children,crianças
side,lado
stand,ficar
read,ler
though,no entanto
cut,corte
started,iniciado
sister,irmã
supposed,suposto
between,entre
child,criança
goes,vai
hours,horas
speak,falar
women,mulheres
behind,atrás
almost,quase
truth,verdade
blood,sangue
able,capaz
lady,senhora
anymore,não mais
playing,jogando
gets,recebe
shot,tomada
reason,razão
trouble,dificuldade
break,quebrar
war,guerra
city,cidade
walk,andar
town,cidade
trust,confiar
dr.,dr.
met,de
office,escritório
question,pergunta
brought,trouxe
yours,seu
welcome,Bem-vindo
high,alto
wow,uau
couple,casal
half,metade
died,morreu
cool,legal
free,livre
either,qualquer
seems,parece
power,poder
whoa,Uau
bye,tchau
buy,comprar
telling,dizendo
honey,mel
tried,testado
front,frente
team,equipe
answer,responder
gun,pistola
boys,Rapazes
line,linha
send,enviar
news,notícias
stupid,estúpido
bed,cama
hurry,pressa
full,completo
months,meses
save,salvar
sometimes,às vezes
become,tornar-se
along,junto
hate,odiar
food,comida
outside,fora
light,luz
l,eu
needs,precisa
dog,cachorro
country,país
clear,claro
order,ordem
em,em
fact,facto
lord,senhor
captain,capitão
six,seis
hot,quente
funny,engraçado
black,preto
mrs.,Sra.
alive,vivo
pick,escolha
feeling,sentimento
living,vivendo
cause,causa
ahead,à frente
lose,perder
king,rei
plan,plano
dinner,jantar
sighs,suspiros
sort,organizar
leaving,saindo
shouldn,deveria
running,correndo
boss,chefe
alright,tudo bem
promise,promessa
taken,levado
safe,seguro
ma,e
book,livro
sent,enviado
white,branco
hour,hora
anybody,qualquer pessoa
small,pequeno
perfect,perfeito
cause,causa
lives,vidas
special,especial
parents,pais
s,s
john,John
himself,ele mesmo
perhaps,talvez
sounds,sons
serious,sério
sick,doente
company,empresa
ha,ha
scared,assustado
uncle,tio
poor,pobre
red,vermelho
past,passado
earth,terra
possible,possível
shoot,atirar
touch,tocar
sound,som
top,principal
ass,é
laughs,ri
cannot,não pode
asking,Perguntando
win,ganhar
glad,alegre
control,ao controle
hmm,hum
human,humano
drive,dirigir
hair,cabelo
jack,Jack
bitch,cadela
luck,sorte
murder,assassinato
happens,acontece
air,ar
ten,dez
daddy,papai
finally,finalmente
chuckles,risadas
fast,rápido
cold,frio
seem,parecer
laughing,rindo
words,palavras
hospital,hospital
street,rua
hang,pendurar
dance,dança
meeting,reunião
till,para
others,outros
catch,pegar
follow,seguir
sense,senso
sex,sexo
lie,mentira
evening,noite
master,mestre
known,conhecido
dream,sonhar
write,escrever
million,milhão
voice,voz
sweet,doce
rather,em vez de
felt,sentido
sign,sinal
lucky,sortudo
somewhere,em algum lugar
bet,mas
o,o
jesus,Jesus
longer,mais longo
calling,chamando
worked,trabalhado
quiet,quieto
looked,visto
less,menos
pull,puxar
beat,bater
careful,cuidadoso
coffee,café
return,retornar
secret,segredo
weeks,semanas
weren,não estava
date,data
seeing,vendo
fall,cair
given,dado
ooh,ooh
fault,falta
straight,direto
takes,leva
song,canção
future,futuro
gentlemen,cavalheiros
loved,amado
changed,mudado
road,estrada
calm,calma
wonderful,maravilhoso
mad,louco
turned,virado
drop,derrubar
ladies,senhoras
learn,aprender
step,etapa
absolutely,absolutamente
early,cedo
explain,explicar
clean,limpar
piece,pedaço
yesterday,ontem
throw,lançar
picture,foto
land,terra
feet,pés
wonder,maravilha
questions,questões
speaking,Falando
worth,valor
darling,querido
dude,cara
giving,dando
president,Presidente
eye,olho
quick,rápido
moving,movendo
figure,figura
state,estado
strong,forte
sam,ele mesmo
none,nenhum
amazing,incrível
ones,uns
works,funciona
act,agir
needed,necessário
weird,esquisito
law,lei
worried,preocupado
report,relatório
goodbye,adeus
missing,ausente
choice,escolha
happening,acontecendo
chief,chefe
wedding,casamento
strange,estranho
general,em geral
pain,dor
am,sou
kidding,brincando
decided,decidiu
ya,de
pass,passar
tired,cansado
class,aula
officer,Policial
kept,mantido
wake,acordar
worse,pior
busy,ocupado
eh,Eh
mistake,erro
kiss,beijo
court,tribunal
building,prédio
finish,terminar
during,durante
age,idade
ship,enviar
caught,capturado
marry,casar
meant,significou
sell,vender
dark,escuro
watching,assistindo
system,sistema
suppose,suponha
evidence,evidência
movie,filme
ride,andar de
t,t
completely,completamente
mouth,boca
totally,totalmente
birthday,aniversário
tv,televisão
forgive,perdoar
born,nascer
imagine,Imagine
information,Informação
instead,em vez de
definitely,definitivamente
security,segurança
certainly,certamente
film,filme
month,mês
lying,mentindo
unless,a menos que
train,trem
seven,Sete
wear,vestir
clothes,roupas
michael,Michael
hotel,hotel
christmas,Natal
attack,ataque
hasn,Hasn
round,redondo
expect,esperar
sing,que
terrible,Terrível
george,George
bag,bolsa
history,história
blue,azul
near,aproximar
broke,quebrado
station,estação
seriously,seriamente
forever,para sempre
david,David
frank,Frank
except,exceto
thinks,acha
message,mensagem
entire,inteiro
joe,Joe
table,mesa
talked,falou
across,entre
rock,pedra
lovely,amável
handle,lidar
middle,meio
buddy,companheiro
paid,pago
protect,proteger
using,usando
floor,chão
ran,corrido
swear,jurar
spend,gastar
situation,situação
ring,anel
anywhere,em qualquer lugar
dangerous,perigoso
bill,conta
york,Iorque
army,exército
lead,liderar
bought,comprado
finished,finalizado
fair,justo
sun,sol
letter,carta
fool,enganar
attention,atenção
club,clube
simple,simples
interesting,interessante
space,espaço
test,teste
box,caixa
group,grupo
single,solteiro
sitting,sentado
marriage,casado
join,juntar
fear,temer
d,d
peace,paz
forgot,esquecido
force,força
short,curto
normal,normal
charlie,Charlie
present,presente
enjoy,aproveitar
mike,Mike
crime,crime
horse,cavalo
ground,chão
american,americano
count,contar
area,área
charge,cobrar
honor,honra
lunch,almoço
miles,milhas
radio,rádio
idiot,idiota
ball,bola
surprise,surpresa
paper,papel
key,chave
boat,barco
quickly,rapidamente
gold,ouro
bar,bar
fish,peixe
mark,marca
tom,Tom
wearing,vestindo
crying,choro
accident,acidente
government,governo
eight,oito
fell,caiu
cover,cobrir
certain,certo
interested,interessado
deep,profundo
star,estrela
sea,mar
agree,concordar
problems,problemas
detective,detetive
prison,prisão
major,principal
stick,grudar
offer,oferecer
difficult,difícil
smart,inteligente
personal,pessoal
record,registro
stopped,parou
hide,esconder
whether,se
bank,banco
trip,viagem
relax,relaxar
america,América
public,público
list,lista
afternoon,tarde
brain,cérebro
fix,consertar
bastard,Desgraçado
proud,orgulhoso
tea,chá
service,serviço
screaming,gritando
forward,avançar
angry,nervoso
park,parque
soul,alma
fighting,brigando
peter,Peter
rich,rico
agent,agente
blow,soprar
paul,Paulo
dress,vestir
mary,Mary
missed,perdido
scene,cena
killing,matando
standing,de pé
saved,salvou
mm,milímetros
respect,respeito
killer,assassino
ice,gelo
mess,bagunça
tough,difícil
feels,sentimentos
church,igreja
sad,triste
cell,célula
drunk,bêbado
share,compartilhar
camera,Câmera
mm-hmm,mm-hmm
within,dentro de
card,cartão
fly,voar
ben,Ben
girlfriend,namorada
laugh,rir
smell,cheiro
broken,quebrado
mum,mãe
honest,honesto
often,muitas vezes
starting,iniciando
calls,chamadas
y,e
spent,gasto
third,terceiro
english,inglês
visit,Visita
mama,Mama
judge,juiz
window,janela
hungry,com fome
dare,Ouse
relationship,relação
moved,mudou-se
prove,provar
private,privado
wall,parede
seat,assento
i-i,eu-i
position,posição
lieutenant,tenente
realize,entender
lt,lt
especially,especialmente
machine,máquina
walking,andando
art,arte
pleasure,prazer
bloody,sangrento
college,faculdade
french,francês
involved,envolvido
cry,chorar
became,tornou-se
lived,vivido
impossible,impossível
obviously,obviamente
neither,nenhum
accept,aceitar
boyfriend,namorado
besides,além do mais
queen,rainha
teacher,professor
cops,policiais
sake,interesse
loves,O amor é
carry,carregar
teach,ensinar
apartment,apartamento
upset,chateado
green,verde
la,o
liked,apreciado
cute,bonitinho
evil,mal
professor,professor
contact,contato
joke,piada
cop,policial
huge,enorme
holy,sagrado
store,loja
jail,cadeia
likes,curtidas
lawyer,advogado
doubt,dúvida
continue,continuar
appreciate,apreciar
cat,gato
shop,comprar
driving,dirigindo
congratulations,Parabéns
wrote,escreveu
village,Vila
quit,desistir
field,campo
james,James
wine,vinho
decision,decisão
south,sul
sleeping,dormindo
slow,lento
laughter,risada
island,ilha
glass,vidro
beginning,começo
cash,dinheiro
dying,morrendo
hundred,centenas
whose,cujo
difference,diferença
plane,avião
push,empurrar
continues,continuou
mmm,mmm
singing,cantoria
eating,comendo
north,norte
mrs,Sra
tree,árvore
madam,senhora
gift,presente
truck,caminhão
putting,colocando
bear,urso
board,quadro
grab,pegar
beer,cerveja
stuck,preso
magic,Magia
support,apoiar
rules,regras
grunts,grunhidos
partner,parceiro
reach,alcançar
wind,vento
colonel,coronel
max,máx
immediately,imediatamente
seconds,segundos
thousand,mil
gives,dá
experience,experiência
cheers,saúde
victim,vítima
upon,sobre
computer,computador
christ,Cristo
planet,planeta
promised,prometido
bus,ônibus
henry,Henry
dirty,sujo
search,procurar
staying,ficando
dreams,sonhos
arrest,prender prisão
holding,contenção
suddenly,de repente
usually,geralmente
lots,grande quantidade
shoes,sapato
er,é
jump,pular
rid,livrar
yo,eles
knock,bater
owe,dever
harry,atormentar
grow,crescer
worst,pior
river,rio
aunt,tia
patient,paciente
kitchen,cozinha
aah,aah
fat,gordo
passed,passado
m,m
final,final
summer,verão
bob,prumo
listening,audição
escape,escapar
everywhere,em todos os lugares
moon,lua
arms,braços
turns,curva
address,endereço
ow,ow
match,corresponder
gasps,Susps
grand,grande
yep,sim
shh,shh
nervous,nervoso
de,de
choose,escolher
themselves,eles mesmos
decide,decidir
mate,doença
drinking,bebendo
press,imprensa
bother,irmão
foot,pé
hadn,tinha
blame,culpa
crap,besteira
drugs,drogas
type,tipo
rings,argolas
mission,missão
named,nomeado
heaven,paraíso
ii,ii
picked,escolhido
paris,Paris
race,corrida
risk,risco
books,livros
further,avançar
danny,Danny
action,Ação
allowed,permitido
orders,ordens
learned,aprendido
price,preço
arrived,chegado
nick,usuario
otherwise,de outra forma
pictures,fotos
fit,ajustar
smoke,fumaça
favor,Favor
played,jogado
notice,perceber
awesome,incrível
smile,sorriso
director,diretor
guard,guarda
begin,começar
spot,ver
surprised,surpreso
innocent,inocente
narrator,narrador
herself,ela mesma
london,Londres
feelings,sentimentos
enemy,inimigo
battle,batalha
ourselves,nós mesmos
alex,Alex
dollars,dólares
allow,permitir
nine,nove
gay,gay
department,departamento
guilty,culpado
apart,separado
earlier,mais cedo
duty,obrigação
jim,Jim
suit,terno
bell,Sino
west,Oeste
legs,pernas
hero,herói
destroy,destruir
stage,estágio
bunch,monte
according,de acordo com
chicken,frango
bigger,maior
grunting,grunhindo
low,baixo
helping,ajudando
admit,Admitem
closed,fechado
names,nomes
witness,testemunha
upstairs,lá em cima
arm,braço
steal,roubar
jimmy,Jimmy
kick,chute
twice,duas vezes
cross,cruzar
ways,caminhos
sergeant,sargento
indeed,de fato
gas,gás
keeping,guardando
energy,energia
pregnant,grávida
waste,desperdício
helped,ajudou
fired,despedido
favorite,favorito
tony,Tony
taste,gosto
locked,trancado
places,lugares
writing,escrita
adam,Adão
brothers,irmãos
starts,inicia
prince,Principe
form,forma
sold,vendido
silly,bobagem
mention,menção
build,construir
throat,garganta
hole,buraco
figured,figurado
track,acompanhar
ringing,toque
lock,trancar
leg,perna
above,acima
hiding,escondido
steve,Steve
seemed,pareceu
breakfast,café da manhã
engine,motor
written,escrito
complete,completo
video,vídeo
applause,aplausos
however,no entanto
pressure,pressão
fresh,fresco
weapon,arma
sky,céu
ms.,EM.
stole,roubou
study,estudar
burn,queimar
reading,leitura
crowd,multidão
treat,tratar
roll,rolar
double,dobro
spirit,espírito
danger,perigo
cost,custo
empty,vazio
level,nível
memory,memória
itself,em si
acting,atuando
interest,interesse
nose,nariz
plans,planos
following,seguindo
bathroom,banheiro
built,construído
closer,mais perto
ray,raio
sarah,Sarah
band,banda
groans,gemidos
apparently,aparentemente
excited,excitado
richard,Richard
losing,perdendo
animals,animais
flight,voo
nature,natureza
raise,elevação
pop,pop
client,cliente
bomb,bombear
neck,pescoço
suspect,suspeito
warm,esquentar
extra,extra
bottle,garrafa
van,por
heavy,pesado
mommy,Mamãe
dogs,cães
wild,selvagem
ridiculous,ridículo
simply,simplesmente
lee,Lee
animal,animal
showed,mostrou
billy,Billy
shooting,tiroteio
keeps,mantém
camp,acampamento
guns,armas
medical,médico
shame,vergonha
hoping,na esperança
whom,a quem
bird,pássaro
majesty,majestade
flowers,flores
famous,famoso
asleep,dormindo
beauty,beleza
driver,motorista
keys,chaves
rain,chuva
awful,horrível
large,grande
local,local
deserve,merecer
goddamn,Maldito
stone,pedra
jane,Jane
grace,graça
consider,considerar
weekend,fim de semana
wondering,imaginando
lay,deitar
plenty,bastante
willing,disposto
pants,calça
sweetheart,querido
skin,pele
excellent,excelente
asshole,Idiota
beach,praia
c,c
faith,fé
beg,implorar
fuckin,porra
responsible,responsável
military,militares
cheering,torcendo
opportunity,oportunidade
common,comum
bottom,fundo
german,alemão
whoever,quem quer que seja
cook,cozinhar
walked,caminhou
papers,papéis
justice,justiça
hall,salão
commander,comandante
drug,medicamento
main,principal
knife,faca
devil,diabo
necessary,necessário
although,embora
princess,princesa
lights,luzes
flying,vôo
dick,Dick
rose,rosa
knowing,sabendo
clearly,claramente
hat,tem
agreed,acordado
johnny,Johnny
corner,canto
code,código
note,observação
tommy,Tommy
due,devido
correct,correto
apologize,desculpar-se
language,linguagem
stars,estrelas
faster,mais rápido
cars,carros
folks,pessoas
bullshit,besteira
i.,eu.
fellow,amigo
several,diversos
grandma,avó
shows,shows
leader,líder
leaves,folhas
restaurant,restaurante
east,leste
shouting,gritando
blind,cego
ghost,fantasma
cup,xícara
gotten,pego
tight,apertado
conversation,conversação
tells,diz
lies,mentiras
nor,nem
pulled,retirado
hanging,pendurado
speed,velocidade
stories,histórias
health,saúde
advice,conselho
held,mantido
uh-huh,uh-huh
murdered,assassinado
beyond,além
rule,regra
hardly,dificilmente
possibly,possivelmente
inspector,Inspetor
cousin,primo
trial,julgamento
emergency,emergência
ought,deveria
eddie,Eddie
somehow,de alguma forma
hearing,audição
states,estados
account,conta
spoke,falou
file,arquivo
understood,entendido
angel,anjo
tape,fita
milk,leite
powerful,poderoso
weapons,armas
practice,prática
manager,gerente
pardon,perdão
vote,voto
jake,Jake
national,nacional
career,carreira
minister,ministro
super,super
taught,ensinado
robert,Robert
biggest,o maior
plays,tocam
natural,natural
dancing,dançando
copy,cópia de
plus,mais
martin,Martin
cake,bolo
freedom,liberdade
among,entre
breath,respiração
operation,Operação
chris,Chris
crew,equipe
challenge,desafio
market,mercado
meat,carne
towards,em direção a
bringing,trazendo
dropped,derrubado
student,estudante
lied,mentiu
strength,força
size,tamanho
breathe,respirar
color,cor
monster,monstro
loud,alto
photo,foto
aw,C
nearly,aproximadamente
sight,visão
greatest,o melhor
games,Jogos
bridge,ponte
dressed,vestido
arrested,preso
horrible,horrível
coach,treinador
planning,planejamento
checked,verificado
breaking,quebra
noticed,percebido
fantastic,fantástico
screams,grita
serve,servir
ideas,Ideias
investigation,investigação
center,Centro
older,mais velho
pack,pacote
soldiers,soldados
nonsense,Absurdo
doc,Doc
project,projeto
training,treinamento
example,exemplo
trick,truque
prepared,preparado
science,Ciência
united,unido
travel,viagem
incredible,incrível
grandpa,grandpa
paying,pagando
character,personagem
teeth,dentes
criminal,Criminoso
charles,Charles
chinese,chinês
truly,verdadeiramente
honestly,honestamente
bro,irmão
survive,sobreviver
bobby,Bobby
target,alvo
feed,alimentar
nurse,enfermeira
e,e
fake,falso
records,registros
breathing,respirando
sweetie,docinho
numbers,números
oil,óleo
suicide,suicídio
belong,pertencer
whoo,Whoo
perfectly,perfeitamente
amy,Amy
forgotten,esquecido
remain,permanecer
original,original
papa,Barco
onto,para
concerned,preocupado
credit,crédito
ugh,eca
invited,convidamos
discuss,discutir
research,pesquisar
easier,mais fácil
view,visualizar
chair,cadeira
hurts,machuca
strike,batida
roger,Roger
fill,preencher
condition,doença
mountain,montanha
dr,dr
nowhere,em lugar nenhum
sheriff,xerife
kim,Kim
turning,girando
brown,marrom
recognize,reconhecer
heads,cabeças
audience,público
all,todos
jealous,ciúmes
pretend,fingir
society,sociedade
finding,encontrando
shirt,camisa
comfortable,confortável
meaning,significado
guest,convidado
pieces,peças
dry,seco
letting,de locação
began,começou
aye,chance
jeff,Jeff
female,fêmea
release,liberar
ho,para
cards,cartões
pray,rezar
unfortunately,infelizmente
balls,bolas
destroyed,destruído
ended,terminou
universe,universo
prepare,preparar
opinion,opinião
movies,filmes
soldier,soldado
wash,lavar
program,programa
heat,aquecer
usual,usual
ticket,bilhete
stolen,roubado
prefer,preferir
aware,consciente
surely,certamente
male,macho
base,base
matters,assuntos
lift,elevador
lab,laboratório
command,comando
proof,prova
cream,creme
selling,vendendo
believed,acreditava
create,criar
h,h
afford,dispor
sunday,Domingo
total,total
dumb,burro
threw,jogou
france,França
birth,aniversário
created,criada
realized,percebeu
british,britânico
noise,barulho
nuts,nozes
students,alunos
birds,pássaros
social,social
brilliant,brilhante
bodies,corpos
tie,gravata
opened,aberto
ours,nosso
bucks,Bucks
kevin,Kevin
mister,senhor
ugly,feio
ryan,Ryan
focus,foco
dan,e
opens,abre
exist,existir
followed,seguido
england,Inglaterra
draw,empate
purpose,propósito
letters,cartas
daniel,Daniel
opening,abertura
bullet,bala
anna,Anna
lately,ultimamente
stayed,ficou
falling,caindo
season,temporada
ends,termina
suggest,sugerir
joy,alegria
distance,distância
responsibility,responsabilidade
whenever,em qualquer momento
issue,emitir
thousands,milhares
process,processo
sword,espada
shower,banho
weak,fraco
fucked,Fodido
lonely,sozinho
happiness,felicidade
eric,Eric
tiny,pequeno
desk,mesa
pool,piscina
property,propriedade
forced,forçado
settle,resolver
indistinct,indistinto
weight,peso
received,recebido
gang,gangue
bite,morder
friday,sexta-feira
disappeared,desaparecido
interview,entrevista
expecting,esperando
kinda,tipo
surgery,cirurgia
horses,cavalos
mayor,prefeito
babe,bebê
ancient,ancestral
handsome,bonito
thomas,Thomas
saturday,sábado
staff,funcionários
lines,linhas
unit,unidade
fan,fã
gentleman,cavalheiro
introduce,introduzir
fate,destino
split,dividir
recently,recentemente
expected,esperado
add,adicionar
ordered,ordenado
slowly,devagar
alarm,alarme
member,membro
slept,dormiu
signed,assinado
enter,digitar
spanish,espanhol
garden,jardim
brings,traz
brave,corajoso
pig,porco
model,modelo
finger,dedo
medicine,medicamento
access,acesso
failed,fracassado
flat,plano
easily,facilmente
discovered,descoberto
based,baseado
screw,parafuso
insane,insano
cares,Cuidados
weather,clima
fingers,dedos
san,San
scott,Scott
path,caminho
soft,macio
harm,ferir
style,estilo
community,comunidade
sees,vê
basically,basicamente
al,al
signal,sinal
nope,não
spare,poupar
speech,discurso
covered,abordado
shake,sacudir
loose,solto
snow,neve
russian,russo
lake,lago
bright,brilhante
roof,teto
ohh,Ohh
sending,envio
paint,pintar
remind,lembrar
pal,amigo
naked,nu
post,publicar
sugar,açúcar
heading,cabeçalho
streets,ruas
damage,dano
silence,silêncio
doors,portas
pete,Pete
ed,ed
success,sucesso
wet,molhado
nah,Agora
amount,quantia
members,membros
kate,Kate
manage,gerenciar
safety,segurança
returned,devolvida
harder,mais difícil
fbi,FBI
block,bloquear
showing,mostrando
fancy,chique
chef,chefe de cozinha
contract,contrato
dig,você
chest,peito
good-bye,adeus
drinks,bebidas
dave,Dave
buried,enterrado
brian,Brian
trade,troca
journey,jornada
stomach,estômago
changes,mudanças
details,detalhes
thoughts,pensamentos
divorce,divórcio
funeral,funeral
maria,Maria
football,futebol
reality,realidade
theory,teoria
gosh,poxa
ruined,arruinado
gate,portão
william,William
spread,espalhar
outta,outta
japanese,japonês
sudden,repentino
coat,casaco
sooner,mais cedo
cheese,queijo
larry,Larry
spring,primavera
page,página
ears,ouvidos
simon,Simon
castle,castelo
hidden,escondido
storm,tempestade
cos,cos
personally,pessoalmente
artist,artista
hill,colina
exciting,excitante
permission,permissão
jerry,Jerry
expensive,caro
tickets,ingressos
forest,floresta
barely,por muito pouco
eggs,ovos
goin,entre
regret,arrependimento
lesson,lição
lover,amante
bread,pão
andy,Andy
subject,assunto
legal,jurídico
growing,crescente
ill,doente
jason,Jason
mood,humor
owner,proprietário
caused,causado
beeping,biping
points,pontos
dating,namorando
loss,perda
secretary,secretário
revenge,vingança
santa,Papai Noel
likely,provável
rent,aluguel
connection,conexão
assistant,assistente
reasons,razões
yelling,gritando
painting,pintura
trees,árvores
doctors,médicos
rush,correr
foreign,estrangeiro
rough,duro
murderer,assassino
century,século
nights,noites
pair,par
runs,corre
pocket,bolso
farm,fazenda
matt,Matt
bike,bicicleta
obvious,óbvio
ate,comeu
grew,cresceu
professional,profissional
tim,Tim
goodness,bondade
parts,peças
alan,Alan
university,universidade
square,quadrado
grandfather,avô
europe,Europa
genius,gênio
cases,casos
ruin,ruína
winter,inverno
tongue,língua
memories,recordações
da,e
buying,comprando
cancer,Câncer
clock,relógio
ocean,oceano
dna,DNA
liar,mentiroso
tour,percorrer
thief,ladrão
bleep,bip
lisa,Lisa
rights,direitos
including,Incluindo
competition,concorrência
smith,Smith
planned,planejado
emily,Emily
boring,tedioso
victims,vítimas
mentioned,mencionado
bones,ossos
plant,plantar
bless,abençoar
warning,aviso
knocking,batendo
re,ré
crash,colidir
bedroom,quarto
lower,mais baixo
silver,prata
groaning,gemendo
madame,madame
defense,defesa
results,resultados
toilet,banheiro
event,evento
complicated,complicado
shape,forma
priest,padre
royal,real
cheap,barato
romantic,romântico
downstairs,andar de baixo
invite,convidar
fortune,fortuna
tears,lágrimas
avoid,evitar
reached,alcançado
higher,mais alto
familiar,familiar
telephone,Telefone
burning,queimando
filled,preenchido
kelly,Kelly
alice,Alice
airport,aeroporto
jobs,empregos
grown,crescido
walter,Walter
rachel,Rachel
giant,gigante
insurance,seguro
woods,bosques
n,n
scare,susto
pleased,satisfeito
period,período
political,político
player,jogador
stops,parada
secrets,Segredos
laura,Laura
repeat,repita
photos,fotos
finds,achados
statement,declaração
suck,sugar
younger,mais jovem
china,China
humans,humanos
delicious,delicioso
particular,especial
proper,apropriado
rome,Roma
belongs,pertence
attacked,atacado
bath,banho
hired,contratado
site,site
knowledge,conhecimento
b,b
led,liderado
guests,convidados
celebrate,comemoro
map,mapa
horn,buzina
eventually,eventualmente
pity,pena
powers,poderes
ashamed,envergonhado
assume,presumir
glasses,copos
rise,ascender
fixed,fixo
request,solicitar
officers,oficiais
pounds,libras
data,dados
carefully,com cuidado
per,por
depends,depende
jury,júri
waited,esperou
positive,positivo
attorney,advogado
direction,direção
families,famílias
clock,relógio
doin,fazendo
forces,forças
location,localização
walls,paredes
useless,inútil
grant,conceder
saving,economizando
speaks,fala
fought,disputado
meal,refeição
deliver,entregar
answers,respostas
changing,mudando
temple,têmpora
scary,apavorante
millions,milhões
offered,oferecido
regular,regular
carrying,carregando
official,oficial
jacket,jaqueta
switch,trocar
grave,cova
chase,perseguir
role,papel
odd,chance
sexy,sexy
faces,rostos
becomes,torna-se
closes,fecha
badly,seriamente
tall,alto
confused,confuso
affair,assunto
television,televisão
shock,choque
raised,criado
panting,ofegante
pizza,pizza
image,imagem
clears,limpa
golden,dourado
patients,pacientes
watched,assistido
committed,empenhado
sexual,sexual
suffer,sofrer
arthur,Arthur
wherever,onde quer que
plate,placa
appear,aparecer
chocolate,chocolate
clever,esperto
hm,HM
mercy,misericórdia
shots,tiros
lucy,Lucy
dealing,tratativa
trap,armadilha
charges,cobranças
phil,Phil
bang,Bang
poison,tóxico
butt,bunda
drove,dirigiu
yourselves,vocês mesmos
headed,indo
babies,bebês
yellow,amarelo
soup,sopa
mystery,mistério
picking,Escolha
sat,sentado
wound,ferimento
traffic,tráfego
courage,coragem
hunt,caçar
indian,indiano
rat,rato
terms,termos
italian,italiano
emma,Emma
checking,verificando
disease,doença
managed,gerenciou
winner,ganhador
council,conselho
appointment,encontro
monday,segunda-feira
crack,rachadura
threat,ameaça
jenny,Jenny
physical,físico
nation,nação
source,fonte
chose,escolheu
healthy,saudável
carl,Carl
victory,vitória
rick,Rick
stood,permaneceu
kicked,chutado
annie,Annie
disgusting,nojento
palace,Palácio
below,abaixo
shopping,compras
neighborhood,vizinhança
march,marchar
lips,lábios
midnight,meia-noite
piss,xixi
advantage,vantagem
pure,puro
india,Índia
aside,aparte
jerk,idiota
mail,correspondência
dawn,alvorecer
effect,efeito
spell,soletrar
freak,doido
wood,madeira
screwed,parafusado
enemies,inimigos
gary,Gary
awake,acordado
chuckling,rindo
vacation,férias
violence,violência
leo,Leo
grandmother,avó
modern,moderno
luke,Lucas
firm,empresa
prime,melhor
heh,heh
touched,tocado
talent,talento
whore,prostituta
piano,piano
license,licença
cooking,culinária
honour,honra
concern,preocupação
moves,movimentos
available,disponível
factory,fábrica
gods,Deuses
value,valor
central,central
union,União
mirror,espelho
studio,estúdio
media,meios de comunicação
taxi,Táxi
dies,morre
iron,ferro
hearts,corações
desire,desejo
rob,roubar
claire,Claire
fred,Fred
songs,músicas
washington,Washington
monkey,macaco
pride,orgulho
pills,pílulas
miracle,milagre
swim,nadar
burned,queimado
smells,cheira
joking,brincadeira
christian,cristão
bleeding,sangramento
hook,gancho
beating,espancamento
protection,proteção
treatment,tratamento
ear,orelha
carter,Carter
metal,metal
disappear,desaparecer
grateful,grato
extremely,extremamente
treasure,tesouro
rescue,resgatar
capable,capaz
passing,passagem
chatter,conversa
result,resultado
suffering,Sofrimento
sisters,irmãs
laid,disposto
governor,governador
guards,guardas
louis,Louis
text,texto
literally,literalmente
remove,remover
becoming,tornando-se
performance,desempenho
stronger,mais forte
rate,avaliar
deeply,profundamente
scream,gritar
desert,deserto
vehicle,veículo
illegal,ilegal
pulling,puxar
throwing,jogando
josh,Josh
unbelievable,inacreditável
ted,Ted
zero,zero
dean,reitor
curious,curioso
sean,Sean
candy,doce
bone,osso
tied,ligado
edge,borda
load,carregar
susan,Susan
ahh,ahh
mountains,montanhas
boom,estrondo
former,antigo
holiday,feriado
riding,cavalgando
scoffs,zombares
hundreds,centenas
motherfucker,filho da puta
sue,processar
bags,bolsas
stealing,roubando
appears,parece
arrive,chegar
remains,restos
decent,decente
issues,problemas
tip,dica
fail,falhar
bride,noiva
pissed,chateado
penny,centavo
claim,alegar
friendship,amizade
desperate,desesperado
flower,flor
dramatic,dramático
refuse,recusar
solve,resolver
theme,tema
loving,amoroso
properly,apropriadamente
dragon,Dragão
mostly,majoritariamente
chuck,mandril
directly,diretamente
surface,superfície
FALSE,FALSO
cast,elenco
junior,júnior
hunting,Caçando
silent,silencioso
thou,porém
egg,ovo
germany,Alemanha
punch,soco
africa,África
woke,acordou
intelligence,inteligência
borrow,emprestar
winning,ganhando
falls,cai
popular,popular
escaped,escapou
witch,bruxa
convinced,convencido
warn,avisar
announcer,locutor
champagne,champanhe
dust,pó
kyle,Kyle
someday,algum dia
fallen,caído
stranger,estranho
presence,presença
tear,rasgar
st.,st.
internet,Internet
monsieur,Senhor
therefore,portanto
technology,tecnologia
tires,pneus
toast,brinde
wise,sábio
clark,Clark
americans,americanos
notes,notas
smoking,fumar
hank,Hank
ls,ls
april,abril
wolf,lobo
precious,precioso
rooms,quartos
coast,costa
treated,tratado
material,material
released,lançado
uniform,uniforme
hated,odiado
considered,considerado
rice,arroz
exchange,intercâmbio
steps,passos
blake,Blake
convince,convencer
beast,fera
cow,vaca
files,arquivos
signs,Sinais
drag,arrastar
cab,táxi
hung,pendurado
carried,carregou
ordinary,ordinário
successful,bem-sucedido
eve,véspera
mistakes,erros
houses,casas
chattering,conversando
brains,cérebros
japan,Japão
creature,criatura
fourth,quarto
separate,separado
cleaning,limpeza
california,Califórnia
lf,lf
ll,ll
shift,mudança
elizabeth,Elizabeth
chicago,Chicago
exact,exato
karen,Karen
goal,meta
expert,especialista
served,servido
direct,direto
score,pontuação
row,linha
marks,Marcas
twenty,vinte
receive,receber
series,Series
section,seção
pilot,piloto
jackson,Jackson
darkness,escuridão
thy,teus
sale,oferta
destiny,destino
cure,cura
spoken,falada
armed,armado
rare,cru
helen,Helen
grade,nota
juice,suco
wide,largo
tower,torre
solution,solução
schedule,agendar
explosion,explosão
wheel,roda
cigarette,cigarro
julie,Julie
fruit,fruta
blew,estraguei
victor,vencedor
talks,conversas
sacrifice,sacrifício
range,faixa
button,botão
reports,relatórios
prisoner,prisioneiro
pie,aproximar
effort,esforço
youth,juventude
pot,Panela
eaten,comido
taylor,Taylor
knees,joelhos
garage,garagem
parking,estacionamento
ambulance,ambulância
staring,olhando fixamente
chances,chances
circumstances,circunstâncias
sin,pecado
gordon,Gordon
progress,progresso
unusual,incomum
county,condado
stairs,escadaria
campaign,campanha
mon,Meu
vision,visão
reporter,repórter
equipment,equipamento
moments,momentos
joey,Joey
mass,massa
alien,estrangeiro
trapped,encurralado
helps,ajuda
route,rota
defend,defender
trace,vestígio
nasty,nojento
tests,testes
magazine,revista
rocks,pedras
dump,jogar fora
rude,rude
searching,procurando
clue,dica
connected,conectado
amen,Amém
pushed,empurrado
merry,alegre
zone,zona
senior,Senior
closing,fechamento
freeze,congelar
emperor,imperador
incident,incidente
snake,cobra
mexico,México
lily,lírio
actor,ator
newspaper,jornal
sentence,frase
greg,Greg
leading,principal
friendly,amigável
jones,Jones
chosen,escolhido
engaged,noivo
julia,Julia
charming,encantador
mustn,mustn
anger,raiva
spending,gastar
learning,aprendizado
spy,espião
sharp,afiado
shadow,sombra
warrant,mandado
elevator,elevador
kingdom,reino
ricky,Ricky
jamie,Jamie
squad,esquadrão
shoulder,ombro
wave,aceno
amanda,Amanda
highness,alteza
kinds,tipos
fishing,pescaria
sometime,às vezes
attitude,atitude
sucks,é uma merda
negative,negativo
screen,tela
workers,trabalhadores
bored,entediado
cameras,câmeras
similar,semelhante
understanding,entendimento
beeps,bipes
chain,corrente
bull,touro
gasping,ofegando
fully,completamente
robin,Robin
collect,coletar
gorgeous,maravilhoso
morgan,Morgan
passion,paixão
writer,escritor
empire,Império
international,internacional
curse,xingamento
hire,contratar
bastards,bastardos
puts,coloca
leads,pistas
id,eu ia
blows,golpes
sons,filhos
estate,Estado
customers,clientes
maggie,Maggie
gunshot,tiro
i-,eu-
device,dispositivo
troops,tropas
hug,abraço
design,projeto
movement,movimento
thunder,trovão
object,objeto
loser,perdedor
pen,caneta
sobbing,soluçando
politics,política
despite,apesar de
alcohol,álcool
climb,escalar
clients,clientes
conference,conferência
provide,fornecer
marty,Marty
seek,procurar
witnesses,testemunhas
earn,ganhar
trash,lixo
valley,vale
fashion,moda
howard,Howard
episode,episódio
prize,prêmio
previously,anteriormente
sports,Esportes
wanting,querendo
debt,dívida
wishes,desejos
hitler,Hitler
wire,arame
thee,te
circle,círculo
approach,abordagem
stock,estoque
facts,fatos
remembered,lembrei
percent,por cento
normally,normalmente
tail,cauda
joined,ingressou
education,Educação
bravo,bravo
library,biblioteca
rape,estupro
wings,asas
growling,rosnando
thrown,jogado
tank,tanque
exhales,exala
authority,autoridade
current,atual
failure,falha
nightmare,pesadelo
hitting,batendo
glory,glória
knocked,bateu
studying,estudo
barry,Barry
agency,agência
apple,maçã
border,fronteira
rope,corda
duck,pato
reputation,reputação
confidence,confiança
yard,quintal
beloved,amado
lack,falta
actual,real
skills,habilidades
films,filmes
mental,mental
salt,sal
flesh,carne
anne,Anne
secure,seguro
highly,altamente
federal,Federal
sand,areia
emotional,emocional
setting,contexto
nothin,nada
senator,senador
services,Serviços
robbery,roubo
hates,odeia
fed,alimentado
reward,recompensa
theater,teatro
johnson,Johnson
commit,comprometer-se
patrick,Patrick
entirely,inteiramente
extraordinary,extraordinário
ships,navios
opposite,oposto
parties,festas
stands,Stands
terry,Terry
chat,bater papo
events,eventos
mummy,mamãe
bay,baía
slip,escorregar
disappointed,desapontado
settled,assentou
begins,começa
andrew,Andrew
alert,alerta
detail,detalhe
pink,rosa
fellas,Caras
accepted,aceitaram
background,fundo
garbage,lixo
panic,pânico
minds,mentes
belt,cinto
blowing,sopro
hollywood,Hollywood
agreement,acordo
jackie,Jackie
pushing,empurrando
ability,habilidade
tiger,tigre
whispering,sussurrando
culture,cultura
saint,santo
jesse,Jesse
task,tarefa
solid,sólido
doll,boneca
intend,pretende
district,distrito
pa,poz
gee,dar
custody,custódia
ignore,ignorar
naturally,naturalmente
useful,útil
attempt,tentar
abandoned,abandonado
cutting,corte
kissed,beijado
guarantee,garantia
barking,Latidos
gather,juntar
policy,política
u.s.,nós.
violent,violento
maid,empregada doméstica
embarrassing,embaraçoso
childhood,infância
wasting,desperdiçar
bow,arco
chick,Chick
sara,Sara
disaster,desastre
revolution,revolução
online,on-line
f,f
demon,demônio
heavily,pesadamente
coincidence,coincidência
perform,executar
thin,afinar
terrific,maravilhoso
mac,Mac
crown,coroa
identity,identidade
virgin,virgem
impressive,impressionante
windows,janelas
no-one,ninguém
potential,potencial
guitar,guitarra
committee,Comitê
dozen,dúzia
delivery,entrega
advance,avançar
quietly,silenciosamente
stan,Stan
teaching,ensino
hunter,caçador
latest,mais recente
hurting,machucando
swing,balanço
capital,capital
counting,contando
drew,atraiu
dirt,sujeira
whistle,assobiar
marie,Marie
hits,exitos
doug,Doug
deny,negar
urgent,urgente
threatened,ameaçado
behavior,comportamento
molly,molly
mixed,misturado
stays,fica
assure,assegurar
subtitles,Legendas
explanation,explicação
wins,vence
unique,exclusivo
chasing,perseguindo
billion,bilhão
duke,duque
production,Produção
slave,escravo
agents,agentes
carol,Carol
lets,Lets
cruel,cruel
mask,mascarar
sally,Sally
behave,comportar-se
bury,enterrar
massive,enorme
pathetic,patético
species,espécies
approaching,Aproximando
jo,porque
loan,empréstimo
struggle,luta
dish,prato
trusted,confiável
jumped,saltou
firing,disparo
channel,canal
abby,Abby
stopping,parando
asks,pergunta
jean,Jean
swimming,natação
daily,diário
basement,porão
linda,Linda
quarter,trimestre
erm,erm
bound,vinculado
navy,marinha
article,artigo
guide,guia
accused,acusado
transfer,transferir
guts,estômago
quality,qualidade
fella,cara
roman,romano
greater,maior
damned,condenado
couch,sofá
cheer,alegrar
vegas,Vegas
shoe,sapato
title,título
shy,tímido
punishment,punição
los,o
clicks,cliques
you,você
closet,armário
bye-bye,Bye Bye
fever,febre
coward,covarde
flash,clarão
impressed,impressionado
bruce,Bruce
siren,sirene
prisoners,prisioneiros
sides,lados
bowl,tigela
katie,Katie
supply,fornecer
sensitive,confidencial
hopefully,esperançosamente
rolling,rolando
roy,Roy
dollar,dólar
tone,tom
voices,vozes
g,g
i,eu
cheating,trapaceando
confess,confessar
demand,demanda
museum,museu
unknown,desconhecido
drama,drama
suspicious,suspeito
adult,adulto
todd,Todd
frightened,com medo
warned,avisou
steady,estável
kills,mata
crossed,cruzado
lou,Lou
particularly,particularmente
sandwich,sanduíche
laws,leis
joint,articulação
bullets,balas
package,pacote
trained,treinado
thursday,quinta-feira
boots,botas
possibility,possibilidade
albert,Albert
civil,Civil
june,junho
germans,alemães
baseball,beisebol
express,expressar
miserable,miserável
tuesday,terça-feira
parker,Parker
lion,leão
joseph,Joseph
refused,recusou
shine,brilhar
assault,assalto
hong,Hong
jokes,piadas
breaks,rompe
argue,discutir
you-,você-
trail,trilha
option,opção
recall,lembrar
mighty,poderoso
collection,coleção
oliver,Oliver
wilson,Wilson
accent,sotaque
believes,acredita
decisions,decisões
embarrassed,envergonhado
mobile,móvel
customer,cliente
terribly,terrivelmente
sec,Sec
charity,caridade
considering,considerando
pussy,bichano
donna,Donna
protecting,protegendo
flag,bandeira
kidnapped,seqüestrado
italy,Itália
balance,equilíbrio
creatures,criaturas
nuclear,nuclear
wallet,carteira
shout,gritar
vincent,Vincent
entered,entrou
impression,impressão
angela,Angela
jay,Jay
degrees,graus
favour,Favor
reaction,reação
network,rede
jessica,Jessica
version,versão
concert,show
gear,engrenagem
singer,cantor
diamond,diamante
defeat,derrota
steven,Steven
lane,faixa
blast,explosão
wounded,ferido
anytime,a qualquer momento
partners,Parceiros
ages,idades
charlotte,Charlotte
ceremony,cerimônia
league,liga
bars,barras
orange,laranja
specific,específico
conditions,condições
plastic,plástico
crisis,crise
fifth,quinto
term,prazo
self,auto
offering,oferta
bud,Bud
suffered,sofreu
reported,relatado
commissioner,comissário
rip,rasgar
mysterious,misterioso
entrance,Entrada
messed,bagunçado
tunnel,túnel
designed,projetado
neighbor,vizinho
aboard,a bordo
sweat,suor
justin,Justin
ghosts,fantasmas
crimes,crimes
costs,custos
deserves,merece
dreaming,sonhando
bust,busto
el,ele
teddy,Urso de pelúcia
kong,Kong
messages,mensagens
enjoying,desfrutando
afterwards,após
comfort,conforto
mason,pedreiro
surrender,render
gym,academia
kitty,gatinha
crush,crush
yup,sim
arranged,arranjado
suits,se adequa
pee,urina
stress,estresse
cave,caverna
wing,asa
jordan,Jordânia
arrange,arranjo
comrade,camarada
noble,nobre
tricks,truques
betty,Betty
launch,lançar
legend,lenda
mix,misturar
golf,golfe
imagination,imaginação
fox,raposa
kissing,se beijando
butter,manteiga
tax,imposto
gross,bruto
edward,Edward
texas,Texas
insist,insistir
marcus,Marcus
classic,clássico
selfish,egoísta
skull,crânio
frankie,Frankie
shown,mostrando
bat,um
survived,sobreviveu
print,imprimir
champion,campeão
bills,contas
therapy,terapia
lifetime,vida
throughout,por todo
a.m.,sou.
nathan,Nathan
toward,na direção
sauce,molho
experiment,experimentar
margaret,Margaret
describe,descrever
ross,Ross
grass,grama
cheat,trair
attend,participar
homework,trabalho de casa
lewis,Lewis
betrayed,traído
servant,servo
cap,boné
tyler,Tyler
bible,Bíblia
practically,praticamente
catherine,Catherine
steel,aço
wipe,limpar
burns,queimaduras
j,j
generation,geração
cabin,cabine
financial,financeiro
industry,indústria
bond,ligação
sheep,ovelha
scientists,cientistas
beaten,espancado
heck,diabos
deck,área coberta
fans,fãs
script,roteiro
brand,marca
degree,grau
painful,doloroso
coughing,tosse
religion,religião
cats,gatos
stephen,Stephen
influence,influência
fuel,combustível
drawing,desenho
uh-oh,uh-oh
rabbit,coelho
exercise,exercício
attractive,atraente
touching,tocando
virus,vírus
realise,entender
torture,tortura
blessed,abençoado
plain,simples
rebecca,Rebecca
recent,recente
barbara,Barbara
footsteps,passos
sacred,sagrado
removed,removido
pretending,fingindo
wasted,desperdiçado
jewish,judaico
goodnight,boa noite
robot,robô
crystal,cristal
confirm,confirme
lad,rapaz
mile,milha
division,divisão
scratch,arranhar
reminds,lembra
walks,anda em
ending,final
russia,Rússia
contest,concurso
valuable,de valor
distant,distante
dumped,jogado fora
motion,movimento
electricity,eletricidade
centre,Centro
murders,assassinatos
tina,de
jeremy,Jeremy
seal,selo
standard,padrão
ellen,Ellen
wore,vestiu
surrounded,cercado
struck,chocado
inform,informar
gentle,gentil
status,status
purse,bolsa
prints,impressões
players,jogadoras
charged,carregada
begging,implorando
delivered,entregue
kenny,Kenny
buck,bode
nina,Nina
construction,construção
confirmed,confirmado
confession,confissão
trigger,acionar
cells,células
frankly,francamente
ali,ou
exit,saída
response,resposta
cancel,cancelar
argument,argumento
principal,diretor
turkey,peru
lucas,Lucas
clinic,clínica
greetings,saudações
neighbors,vizinhos
vice,vício
toy,brinquedo
hannah,Hannah
everyday,diariamente
generous,generoso
gain,ganho
idiots,idiotas
holly,azevinho
enjoyed,curtiu
jungle,selva
link,link
underground,subterrâneo
smiling,sorridente
mistress,amante
teams,equipes
product,produtos
beef,carne bovina
whispers,sussurros
religious,religioso
presents,presentes
identify,identificar
chip,lasca
chffffff,chffffff
surveillance,vigilância
carlos,Carlos
vampire,vampiro
routine,rotina
uses,usos
michelle,Michelle
underneath,debaixo de
systems,sistemas
temperature,temperatura
waves,ondas
tribe,tribo
brad,Brad
deputy,deputado
sophie,Sophie
headquarters,quartel general
equal,igual
phones,telefones
ken,Ken
reckon,considerar
related,relacionado
incredibly,incrivelmente
chill,frio
spit,saliva
tracks,faixas
oscar,Oscar
makeup,inventar
bug,erro
sounded,soou
spirits,espíritos
nerve,nervo
divorced,divorciado
stake,estaca
port,porta
doorbell,campainha
worries,preocupações
nephew,sobrinho
miller,moleiro
units,unidades
just-,apenas-
proceed,Continuar
landing,pousar
traitor,traidor
outfit,roupa
chloe,chloe
bail,fiança
fields,Campos
patience,paciência
recording,gravação
foolish,tolice
loaded,carregado
tokyo,Tóquio
davis,Davis
costume,fantasia
wayne,Wayne
injured,ferido
somethin,algo
ian,Ian
pet,bicho de estimação
cage,jaula
digging,escavação
spain,Espanha
seats,assentos
awkward,estranho
cleaned,limpo
pattern,padrão
filthy,imundo
visiting,visitando
jews,judeus
answering,respondendo
concentrate,concentrado
someplace,algum lugar
citizens,cidadãos
aim,mirar
nancy,Nancy
affairs,romances
thick,espesso
sport,esporte
basic,básico
electric,elétrico
pleasant,prazeroso
cliff,penhasco
nail,unha
russell,Russell
environment,ambiente
western,ocidental
average,média
ease,facilidade
raped,estuprado
interrupt,interromper
judy,Judy
satisfied,satisfeito
beep,bip
starving,morrendo de fome
documents,documentos
anniversary,aniversário
beth,Beth
election,eleição
warrior,guerreiro
r,r
forth,adiante
fetch,buscar
banks,bancos
placed,colocada
timing,tempo
stones,pedras
complex,complexo
frozen,congeladas
replace,substituir
prayer,oração
skip,pular
angeles,Angeles
guilt,culpa
tune,afinação
woo,Woo
actions,ações
conscience,consciência
officially,oficialmente
martha,Martha
machines,máquinas
smaller,menor
determined,determinado
blown,soprado
hail,saudação
unhappy,infeliz
booth,cabine
pour,Para
berlin,Berlim
cleared,limpo
packed,embalado
wrap,enrolar
randy,Randy
behalf,em nome de
reasonable,razoável
trunk,porta-malas
homes,casas
festival,festival
tradition,tradição
cigarettes,cigarros
le,o
beside,ao lado
harvey,Harvey
motive,motivo
beings,seres
bishop,bispo
dealer,distribuidor
defendant,réu
backup,cópia de segurança
wounds,ferimentos
ouch,ai
ann,Ann
nearby,próximo
drank,bebido
effects,efeitos
jonathan,Jonathan
dennis,Dennis
benefit,beneficiar
adventure,aventura
p,p
territory,território
ve,ve
apology,desculpa
dylan,Dylan
unlike,diferente
owns,possui
boxes,caixas
thus,por isso
clay,argila
developed,desenvolvido
busted,pego
pipe,cano
gray,cinza
no.,não.
goods,bens
favourite,favorito
salad,salada
loyal,leal
atmosphere,atmosfera
eva,Eva
freaking,enlouquecendo
dropping,cair
strangers,estranhos
mouse,rato
downtown,centro da cidade
francisco,Francisco
heroes,Heróis
pit,poço
rotten,podre
paradise,paraíso
meantime,Enquanto isso
jess,Jess
organization,organização
hills,colinas
exam,exame
cock,galo
fairy,fada
earl,conde
comment,Comente
activity,atividade
frame,quadro
knight,cavaleiro
testing,teste
habit,hábito
shelter,abrigo
flow,fluxo
jennifer,Jennifer
holes,buracos
prevent,evitar
anthony,Anthony
lend,emprestar
cooper,tanoeiro
figures,Figuras
boston,boston
sample,amostra
strip,faixa
landed,pousado
buzzing,zumbindo
monk,monge
slightly,um pouco
produce,produzir
annoying,chato
judgment,julgamento
laundry,lavanderia
ron,Ron
lousy,nojento
souls,almas
existence,existência
belly,barriga
tries,tentativas
foster,fomentar
returning,retornando
answered,respondidas
ward,ala
plants,plantas
actress,atriz
chairman,presidente
individual,Individual
hopes,esperanças
tattoo,tatuagem
fence,cerca
sink,afundar
punk,punk
confident,confiante
yay,yay
mistaken,equivocado
limit,limite
bothering,incomodando
st,st
uncomfortable,desconfortável
wednesday,quarta-feira
gifts,presentes
policeman,policial
na,n / D
precisely,precisamente
lawyers,advogados
greek,grego
merely,apenas
criminals,criminosos
underwear,roupa de baixo
hoped,esperava
earned,merecido
reveal,revelar
appeared,apareceu
derek,Derek
heavens,céus
personality,personalidade
batman,homem Morcego
virginia,Virgínia
wives,esposas
colour,cor
worker,trabalhador
pope,papa
instructions,instruções
intelligent,inteligente
worrying,preocupante
vince,Vince
comin,vindo
cried,gritou
traveling,viajando
bells,sinos
x,x
impact,impacto
robbed,roubado
relief,alívio
host,hospedar
footage,imagens de vídeo
odds,chances
patrol,patrulha
circus,circo
mud,lama
captured,capturado
lessons,lições
occasion,ocasião
sets,conjuntos
pulse,pulso
ad,de Anúncios
invented,inventado
diamonds,diamantes
matthew,Mateus
auntie,tia
cloud,nuvem
francis,Francis
angels,Anjos
hers,dela
classes,Aulas
mm-hm,mm-hm
signature,assinatura
complain,reclamar
blah,blá
monitor,monitor
options,opções
claims,reivindicações
flies,moscas
pat,Pat
britain,Grã -Bretanha
hid,escondido
wailing,lamentando
listened,Ouvido
countries,países
vic,Vic
yell,gritar
rats,ratos
wondered,me perguntou
smooth,suave
resist,resistir
companies,empresas
fantasy,fantasia
passport,Passaporte
pitch,tom
hammer,martelo
homicide,homicídio
casey,Casey
holds,segura
flew,voou
jacob,Jacob
noon,meio-dia
helicopter,helicóptero
dishes,pratos
spin,rodar
charm,charme
slap,tapa
apply,aplicar
fools,tolos
screeching,gritando
discover,descobrir
previous,anterior
kit,kit
authorities,autoridades
moaning,gemido
photograph,fotografia
sales,vendas
fifty,cinquenta
mickey,Mickey
beneath,abaixo
farewell,até a próxima
clouds,nuvens
slipped,escorregou
represent,representar
deaf,surdo
facing,voltado para
offense,ofensa
citizen,cidadão
clown,palhaço
snap,foto
messing,bagunçando
hood,capuz
twelve,doze
interests,interesses
cheated,enganado
liz,Liz
informed,informado
humanity,humanidade
producer,produtor
technically,tecnicamente
accounts,Contas
extreme,extremo
gettin,Gettin
cia,CIA
ii,ii
pays,paga
profile,perfil
oxygen,oxigênio
jeez,Caramba
gene,gene
shed,cabana
minor,menor
ex,ex
theatre,teatro
scientific,científico
lovers,amantes
chaos,caos
l.a.,o.
rocket,foguete
math,matemática
stubborn,teimoso
august,agosto
oi,oi
chips,salgadinhos
intense,intenso
grey,cinza
talkin,conversando
terrorist,terrorista
angle,ângulo
invitation,convite
gus,gus
gambling,jogatina
respond,responder
thirty,trinta
procedure,procedimento
absolute,absoluto
investigate,investigar
tragedy,tragédia
stable,estábulo
session,sessão
capture,capturar
marrying,casar
ripped,rasgado
attacks,ataques
stretch,esticar
bush,arbusto
dates,datas
unable,impossível
gates,Portões
mars,Marte
artists,artistas
increase,aumentar
tastes,Gostos
cared,cuidei
bottles,garrafas
highest,Altíssima
whirring,zumbindo
meanwhile,enquanto isso
nate,Nate
grabbed,agarrado
pigs,porcos
chop,cortar
olivia,Olivia
wheels,rodas
shocked,chocado
reverend,reverendo
commercial,comercial
escort,escolta
engagement,noivado
corpse,cadáver
louise,Louise
worthy,valioso
scale,escala
beats,batidas
williams,Williams
threatening,ameaçador
exists,existe
academy,Academia
acts,atos
hop,saltar
judges,juízes
furniture,mobília
shared,compartilhado
ralph,Ralph
consequences,consequências
engineer,engenheiro
schools,escolas
softly,suavemente
bombs,bombas
caroline,Caroline
shark,Tubarão
transport,transporte
population,população
succeed,ter sucesso
creepy,repugnante
sneak,esgueirar-se
studies,estudos
destruction,destruição
keith,Keith
protected,protegido
monsters,monstros
joining,juntando -se
punished,punido
lightning,raio
malcolm,Malcolm
shell,concha
fascinating,fascinante
chamber,câmara
ethan,Ethan
romance,romance
instance,instância
jumping,pulando
groups,grupos
exhausted,Exausta
testify,testemunhe
studied,estudado
walker,andador
pin,alfinete
imagined,imaginado
drill,furar
investigating,investigando
ye,vós
experienced,com experiência
elena,Elena
necklace,colar
loyalty,lealdade
junk,porcaria
cole,Cole
cries,chora
stanley,Stanley
rita,Rita
southern,sulista
blocks,blocos
emotions,emoções
begun,iniciado
maya,Maya
liver,fígado
serving,servir
matches,partidas
surgeon,cirurgião
granted,garantido
jazz,jazz
july,julho
supplies,suprimentos
deeper,Deeper
typical,típica
kicking,chutando
obey,obedecer
dancer,dançarino
remote,controlo remoto
daughters,filhas
moron,idiota
latin,latim
teachers,professores
toby,Toby
sandy,Sandy
dragged,arrastada
strategy,estratégia
parent,pai
jin,sentir
album,álbum
compared,comparado
rubbish,bobagem
helpful,útil
powder,pó
sync,sincronizar
bum,vagabundo
passes,passes
joan,Joan
fort,forte
choices,escolhas
alley,beco
supper,jantar
penis,pênis
alibi,álibi
sammy,Sammy
pole,não
coke,Coca
scientist,cientista
fighter,lutador
highway,autoestrada
blade,lâmina
alpha,alfa
diet,dieta
liquor,licor
jet,jato
widow,viúva
liberty,liberdade
philip,Philip
moral,moral
carrie,Carrie
award,prêmio
grief,pesar
thirsty,sedento
ashley,Ashley
random,aleatório
suspects,suspeitos
intention,intenção
julian,Julian
active,ativo
tools,ferramentas
driven,dirigido
trauma,trauma
headache,dor de cabeça
safely,com segurança
alexander,Alexander
knee,joelho
lads,rapazes
novel,romance
conversations,conversas
waters,águas
lookin,olhar dentro
invisible,invisível
internal,interno
peaceful,pacífico
humming,zumbindo
washed,lavado
drives,unidades
talented,talentoso
li,que
aid,ajuda
elephant,elefante
troubles,problemas
core,essencial
serial,serial
s-,s-
painted,pintado
the,o
divine,divino
jam,geléia
goat,cabra
opera,ópera
thieves,ladrões
guessing,adivinhação
objection,objeção
whiskey,uísque
florida,Flórida
resistance,resistência
dressing,vestir
attached,apegado
aaron,Aaron
brief,apresentação
punish,punir
eternal,eterno
lois,lois
and,e
required,obrigatório
victoria,Victoria
fabulous,fabuloso
twins,gêmeos
characters,personagens
cooked,cozinhou
ln,ln
ruth,Ruth
dreamed,sonhou
arts,artes
naughty,danadinho
stabbed,esfaqueado
tend,tratar
diane,Diane
tap,tocar
soap,sabão
locker,armário
development,desenvolvimento
images,imagens
prick,picada
global,global
string,corda
bitter,amargo
sharing,compartilhamento
corn,milho
craig,Craig
fits,encaixa
tent,barraca
forms,formulários
votes,votos
harold,Harold
propose,propor
monica,Monica
constantly,constantemente
granny,avó
nicely,agradável
nerves,nervos
arguing,discutindo
abuse,Abuso
relatives,parentes
survival,sobrevivência
gloves,luvas
tracking,monitorando
zoe,Zoe
u,em
bend,dobrar
review,análise
connect,conectar
separated,separado
elder,mais velho
beard,barba
admiral,almirante
diana,Diana
salary,salário
areas,áreas
disturb,perturbar
pro,pró
maintain,manter
solved,resolvido
wealth,fortuna
bitches,vadias
possession,posse
sang,cantou
gimme,Gimme
plates,pratos
shoulders,ombros
burnt,queimado
recorded,gravado
upper,superior
counts,contagens
tale,conto
profit,lucro
colleague,colega
warehouse,armazém
hostage,refém
shore,costa
porn,pornô
miami,Miami
fifteen,quinze
visitors,visitantes
bo,bo
net,líquido
insult,insulto
owen,Owen
cities,cidades
causing,causando
lemon,limão
heal,curar
banging,batendo
honeymoon,lua de mel
appeal,apelo
marshall,Marshall
critical,crítico
creating,criando
scotland,Escócia
crane,guindaste
enormous,enorme
testimony,testemunho
praise,louvar
fights,brigas
indians,índios
commission,comissão
growls,rosnos
nicole,Nicole
sins,pecados
fraud,fraude
branch,filial
happily,Felizmente
bout,ataque
covering,cobertura
occurred,ocorreu
beans,feijões
raw,cru
muscle,músculo
pages,Páginas
tense,tenso
relationships,relacionamentos
management,gerenciamento
assignment,atribuição
blonde,loiro
catching,pegando
exposed,expor
canada,Canadá
dont,das quais
han,ele
von,de
comedy,comédia
marco,Marco
stroke,AVC
whistling,assobio
buildings,edifícios
shaking,tremendo
p.m.,PM.
facility,instalação
appropriate,apropriado
remarkable,notável
transferred,transferido
drawn,retirou
tits,Peitos
clicking,clicando
symbol,símbolo
motor,motor
employees,funcionários
ambassador,embaixador
mothers,mães
pile,pilha
feeding,alimentando
soda,refrigerante
checks,Verificações
bears,ursos
cookies,biscoitos
slut,final
awfully,muito
stepped,pisou
toys,brinquedos
levels,níveis
differently,diferentemente
magnificent,magnífico
steak,bife
tube,tubo
leaders,líderes
superior,superior
herr,Senhor
pan,frigideira
expression,expressão
currently,atualmente
throne,trono
deadly,mortal
bee,abelha
tooth,dente
depressed,depressivo
potatoes,batatas
wicked,malvado
resources,recursos
native,nativo
centuries,séculos
karl,Karl
poetry,poesia
multiple,múltiplo
cable,cabo
shortly,Em breve
buzz,zumbido
socks,meias
fingerprints,impressões digitais
goddess,deusa
chin,queixo
anxious,ansioso
september,setembro
colors,cores
basketball,basquetebol
promises,promessas
explained,explicado
appearance,aparência
musical,musical
sends,envia
slide,deslizar
aii,AII
shawn,Shawn
ultimate,final
pork,carne de porco
communication,comunicação
payment,pagamento
structure,estrutura
paperwork,papelada
obsessed,obcecado
lazy,preguiçoso
russians,russos
actors,atores
squeeze,espremer
magical,mágico
colleagues,colegas
admire,admirar
madness,loucura
roads,estradas
entry,entrada
injury,ferida
burden,fardo
racing,corrida
manner,maneiras
freezing,congelando
bits,bits
norman,normando
mount,montar
battery,bateria
dessert,sobremesa
pound,libra
visited,visitado
motel,motel
rumbling,estridente
cinema,cinema
fond,Alegria
halfway,a meio caminho
rifle,rifle
reception,recepção
statue,estátua
fridge,geladeira
brick,tijolo
abandon,abandono
lap,colo
natalie,Natalie
wars,Guerras
recommend,recomendar
brush,escovar
nelson,Nelson
pill,comprimido
concept,conceito
w,Em
delay,atraso
quarters,Quarters
korea,Coréia
janet,Janet
rub,esfregar
mall,shopping center
soil,solo
complaint,reclamação
sail,velejar
baker,padeiro
coughs,tosse
bucket,balde
description,descrição
badge,distintivo
measure,medir
hip,quadril
function,função
indistinctly,indistintamente
harris,Harris
foundation,Fundação
labor,trabalho
willie,Willie
waiter,garçom
homeless,morador de rua
proved,provou
unfortunate,infeliz
log,registro
meetings,Encontros
giggles,risadas
combat,combate
poem,poema
polish,polonês
handed,entregue
mia,meu
weed,erva
raymond,Raymond
tons,toneladas
satellite,satélite
jersey,Jersey
eagle,águia
privacy,privacidade
chapter,capítulo
treating,tratamento
wisdom,sabedoria
flip,virar
entering,entrando
barn,celeiro
farmer,agricultor
clan,clã
budget,orçamento
pub,bar
temporary,temporário
effective,eficaz
sonny,Sonny
wendy,Wendy
juan,Juan
lamb,cordeiro
plot,trama
riley,Riley
proposal,proposta
sticks,Gravetos
searched,pesquisado
blessing,bênção
rage,raiva
bothered,incomodado
sydney,Sydney
basis,base
manners,maneiras
recover,recuperar
twist,torção
neil,Neil
leak,vazar
item,item
catholic,católico
sighing,suspirando
retired,aposentado
kings,reis
inner,interno
cents,centavos
affect,afetar
forbidden,proibido
patch,correção
drops,gotas
necessarily,necessariamente
provided,oferecido
meters,metros
booked,reservado
returns,retorna
gloria,Gloria
fires,incêndios
humor,humor
torn,rasgado
e-mail,e-mail
rocky,rochoso
introduced,introduzido
creative,criativo
betray,trair
soviet,Soviético
various,vários
added,adicionado
discovery,descoberta
cowboy,vaqueiro
suspected,suspeito
suggested,sugerido
delighted,encantado
sticking,grudando
dive,mergulho
shane,Shane
radar,radar
prosecutor,promotor
amber,âmbar
vast,grande
quinn,Quinn
owned,controlado
cookie,biscoito
finest,melhor
felix,Felix
pump,bombear
valentine,namorados
counter,contador
sorts,classifica
coin,moeda
warren,Warren
slaves,escravos
marine,marinho
illness,doença
sack,saco
bid,oferta
require,exigir
moscow,Moscou
largest,Maior
washing,lavando
achieve,alcançar
causes,causas
k,k
mo,para
dope,droga
nest,ninho
palm,Palma
logan,Logan
constant,constante
b.,b.
boo,vaia
medication,medicamento
gravity,gravidade
booze,bebida
noah,Noé
evan,Evan
abroad,fora do país
christine,Christine
rising,ascendente
analysis,análise
cuts,cortes
eats,come
employee,funcionário
vodka,vodka
damaged,danificado
solar,solar
height,altura
pops,pops
yards,quintais
terrified,aterrorizado
suitcase,mala
chemical,químico
preparing,preparando
advanced,Avançado
fund,fundo
wears,desgasta
chirping,chilrear
web,rede
phase,Estágio
prom,baile de formatura
suggesting,sugerindo
fleet,frota
lame,muito ruim
irish,irlandês
editor,editor
october,Outubro
assumed,assumido
whip,chicote
mel,Mel
region,região
amongst,entre
temper,temperamento
discussion,discussão
engines,motores
operate,operar
sunshine,luz do sol
acted,agiu
undercover,disfarçado
horror,Horror
tested,testado
smash,esmagar
contrary,contrário
roses,rosas
poker,poker
wrapped,envolto
korean,coreano
graham,Graham
mi,meu
fu,era
ivan,Ivan
focused,focado
liam,Liam
tragic,trágico
carla,Carla
demons,demônios
rounds,rodadas
entertainment,entretenimento
gathered,coletado
uhh,uhh
yells,gritos
lincoln,Lincoln
crossing,cruzando
blanket,cobertor
nut,noz
travis,Travis
pockets,bolsos
limited,limitado
paintings,pinturas
sober,sóbrio
caesar,César
sis,aluguel
intended,pretendido
niece,sobrinha
computers,computadores
tennis,tênis
needle,agulha
chicks,Chicks
traditional,tradicional
delicate,delicado
independent,independente
leslie,Leslie
lauren,Lauren
grandson,Neto
repair,reparar
a.,a.
brandon,Brandon
executive,executivo
colin,Colin
recognized,reconhecido
holmes,Holmes
regarding,a respeito de
weakness,fraqueza
aliens,Aliens
gunshots,tiros
european,europeu
method,método
tool,ferramenta
demands,demandas
permit,permitir
towel,toalha
daisy,margarida
nowadays,hoje em dia
spider,aranha
northern,norte
rangers,guardas
zoo,multar
praying,Rezar
antonio,Antonio
passengers,passageiros
con,com
australia,Austrália
technique,técnica
cellphone,celular
gently,suavemente
operations,operações
planes,aviões
bunny,coelhinho
gunfire,tiros
shining,brilhante
backwards,para trás
skill,habilidade
uh-,uh-
baron,barão
kidnapping,sequestro
iike,aquilo foi
marshal,marechal
petty,pequeno
sealed,selado
massage,massagem
raising,subindo
menu,cardápio
diary,diário
fucker,Idiota
wagon,vagão
audition,audição
mitch,Mitch
mexican,mexicano
casino,cassino
bacon,bacon
diego,Diego
dutch,holandês
promotion,promoção
click,clique
forgiveness,perdão
burst,explodido
permanent,permanente
interfere,interferir
chanting,cantando
dammit,Droga
spencer,Spencer
recovered,recuperado
registered,registrado
sunny,ensolarado
packing,embalagem
scenes,cenas
superman,Super homen
questioning,questionamento
unfair,injusto
admitted,admitido
ancestors,Antepassados
polite,educado
completed,concluído
swallow,engolir
conduct,conduta
prayers,orações
sheet,folha
fried,frito
avenue,Avenida
poisoned,envenenado
reverse,reverter
newspapers,jornais
ford,Ford
complaining,reclamando
senses,sentidos
investment,investimento
absurd,absurdo
potato,batata
understands,entende
grows,cresce
inspired,inspirado
ruby,rubi
celebrating,a comemorar
tag,marcação
ram,bater
requires,requer
bonnie,Bonnie
bugs,insetos
leonard,Leonard
elliot,Elliot
hooked,viciado
jill,Jill
ranch,rancho
safer,mais segura
worn,desgastado
crashing,batia
lands,terras
heather,Mesclado
ash,cinzas
leather,couro
grounds,terrenos
assuming,assumindo
nails,unhas
dana,dias
conspiracy,conspiração
thanksgiving,Ação de graças
pierre,Pierre
guardian,guardião
rumors,rumores
yen,se
megan,Megan
ashes,cinzas
terror,terror
misunderstanding,mal-entendido
tire,pneu
boats,barcos
parade,parada
halt,parada
immunity,imunidade
adults,adultos
steam,vapor
kang,qual
closely,de perto
pearl,pérola
soccer,futebol
adrian,Adrian
priority,prioridade
shouts,gritos
donald,Donald
happier,mais feliz
khan,Khan
struggling,lutando
root,raiz
larger,maior
november,novembro
boot,bota
conflict,conflito
laughed,sorriu
debbie,Debbie
cherry,cereja
honking,buzinando
concerns,preocupações
celebration,celebração
sore,dolorido
unconscious,inconsciente
cattle,gado
breasts,seios
fairly,com justiça
fee,taxa
recognise,reconhecer
wade,Wade
radiation,radiação
holidays,feriados
raining,chovendo
forgetting,esquecendo
lungs,pulmões
register,registro
shadows,sombras
specifically,especificamente
sarge,Sarge
ideal,ideal
turtle,tartaruga
spoil,estragar
deserved,mereceu
ronnie,Ronnie
gina,Gina
candidate,candidato
lance,lança
types,tipos
bloke,cara
explode,explodir
immediate,imediato
belonged,pertencia
identified,identificado
di,De
hunger,fome
closest,mais próximo
combination,combinação
nanny,babá
seth,Seth
gabriel,Gabriel
develop,desenvolver
detectives,detetives
severe,forte
en,em
organized,organizado
franklin,Franklin
gut,intestino
splendid,esplêndido
dismissed,demitido
pm,PM
yang,Qual
halloween,dia das Bruxas
ellie,Ellie
vulnerable,vulnerável
continued,contínuo
vital,vital
comrades,camaradas
bureau,escritório
drawer,gaveta
harper,Harper
retreat,retiro
carson,Carson
benny,Benny
pillow,travesseiro
troy,Troy
ace,ás
cart,carrinho
nap,sesta
chan,Chan
ham,também
announce,anunciar
borrowed,emprestado
parked,estacionado
galaxy,galáxia
voted,votado
muffled,abafado
sebastian,Sebastian
mmm-hmm,mmm-hmm
jewelry,joia
kisses,beijos
luggage,bagagem
groom,noivo
oops,opa
lighter,isqueiro
masters,Mestres
alliance,aliança
buddies,parceiro
clothing,roupas
denied,negado
drown,afogar
alike,parecido
excellency,excelência
relative,relativo
photographs,Fotografias
burger,hambúrguer
dough,massa
alicia,Alicia
wreck,naufrágio
approve,aprovar
produced,produzido
christina,Christina
physically,fisicamente
stations,estações
eli,ou
samantha,Samantha
spiritual,espiritual
sire,pai
roaring,rugindo
stab,facada
inch,polegada
servants,funcionários
limits,limites
unexpected,inesperado
arrival,chegada
whimpering,choramingando
basket,cesta
sheets,folhas
scandal,escândalo
stink,fedor
homer,Homer
tara,Tara
christopher,Christopher
toes,dedos do pé
t-,t-
shield,escudo
shooter,atirador
instant,instante
objects,objetos
rehearsal,ensaio
disturbing,perturbador
directed,direcionado
scan,Varredura
electronic,eletrônico
republic,república
overnight,durante a noite
counsel,conselho
sirens,sirenes
dorothy,Dorothy
bait,isca
dignity,dignidade
explains,explica
lean,magro
heroin,heroína
tracy,Tracy
rex,rex
barney,Barney
gossip,fofoca
humble,humilde
economy,economia
worlds,os mundos
impress,impressionar
clara,Clara
tissue,tecido
threaten,ameaçar
et,E
bump,ressalto
supreme,supremo
bingo,Bingo
mitchell,Mitchell
excitement,excitação
mankind,humanidade
document,documento
broad,largo
vietnam,Vietnã
vessel,navio
lit,aceso
dale,Dale
killers,assassinos
connor,Connor
mario,Mario
foul,falta
stare,olhar fixamente
deaths,mortes
hut,cabana
elements,elementos
coma,coma
laying,deitando
coffin,caixão
paula,Paula
cocaine,cocaína
puppy,filhote de cachorro
louder,mais alto
handled,manuseado
announcement,anúncio
oath,juramento
mob,dor
cotton,algodão
deposit,depósito
taxes,impostos
injuries,ferimentos
jen,apenas
autopsy,autópsia
advise,conselho
gig,show
lecture,palestra
posted,postou
skinny,magrelo
lo,isto
include,incluir
revealed,revelado
infected,infetado
relieved,aliviado
assistance,assistência
solo,Sozinho
determine,determinar
terrorists,terroristas
elsewhere,em outro lugar
lamp,lâmpada
practical,prático
marked,marcado
adorable,adorável
rubber,borracha
purple,roxo
operating,operativo
suite,suíte
apologies,desculpas
personnel,pessoal
beam,feixe
poet,poeta
samples,amostras
arrow,seta
counselor,conselheiro
carpet,tapete
allen,Allen
audrey,Audrey
spotted,identificado
floating,flutuando
corrected,corrigido
located,localizado
journalist,jornalista
insisted,insistiu
operator,operador
rely,confiar
singh,Singh
fooled,enganado
arrives,chega
i.d.,eu ia.
leon,Leon
walt,Walt
eastern,Oriental
ay,Ay
shave,depilar
remaining,restante
toss,sorteio
anderson,Anderson
lip,lábio
acid,ácido
nora,Nora
si,e
december,dezembro
anonymous,anônimo
inn,dentro
planted,plantado
oldest,mais antigo
breast,seios
sixth,sexto
error,erro
reporting,comunicando
egypt,Egito
islands,ilhas
brother-in-law,cunhado
jules,Jules
roommate,colega de quarto
sings,canta
scum,escumalha
visitor,Visitante
giggling,rindo
described,descrito
geez,Nossa
inches,polegadas
commitment,compromisso
hercules,Hércules
react,reagir
cows,vacas
protest,protesto
misery,miséria
theft,roubo
embrace,abraçar
darn,maldito
harsh,severo
andrea,Andrea
communicate,comunicar
fathers,pais
faithful,fiel
hector,Hector
uh-uh,uh-uh
flame,chama
medal,medalha
silk,seda
photographer,fotógrafo
trevor,Trevor
cemetery,cemitério
rear,traseira
freddy,Freddy
banana,banana
allison,Allison
emotion,emoção
chap,indivíduo
dated,datado
excuses,desculpas
shitty,merda
bin,BIN
jew,ou
gum,Chiclete
crushed,esmagado
efforts,esforços
content,contente
corporal,corporal
realised,percebeu
del,do
rap,rap
hopeless,sem esperança
debate,debate
era,era
luckily,felizmente
ton,tonelada
liquid,líquido
swell,inchar
peggy,Peggy
feast,celebração
murphy,Murphy
attracted,atraído
application,aplicativo
profession,profissão
bench,banco
vanessa,Vanessa
ahem,ahem
symptoms,sintomas
scout,Scout
crashed,travou
keen,ansioso
aircraft,Aeronave
formed,formado
hon,ela
aggressive,agressivo
pale,pálido
significant,significativo
duncan,Duncan
clubs,clubes
visual,visual
embassy,embaixada
defence,defesa
cabinet,gabinete
display,mostrar
fame,fama
gibbs,Gibbs
drowned,afogado
wolves,Lobos
filming,filmando
dunno,Não sei
cursed,amaldiçoado
twin,gêmeo
sorrow,tristeza
vault,cofre
defeated,derrotado
watson,Watson
quote,citar
penalty,pena
bargain,barganha
pepper,pimenta
speaker,palestrante
compare,comparar
satan,Satanás
helmet,capacete
scar,cicatriz
copies,cópias
fuss,discutir
envelope,envelope
perry,perada
stinks,cheira mal
african,africano
arrangements,arranjos
wished,desejado
honored,honrado
believing,acreditando
discussed,discutido
assigned,atribuído
rosa,Rosa
oven,forno
jenna,Jenna
attacking,atacante
tin,acreditar
sonic,sônica
collar,colarinho
mere,mais
romeo,Romeu
belief,crença
storage,armazenar
rusty,oxidado
psycho,psicopata
climbing,escalando
melissa,Melissa
fears,medos
sum,soma
dedicated,dedicada
ladder,escada
alternative,alternativa
raid,ataque
dining,jantar
ms,EM
corporate,corporativo
folk,folk
jon,Jon
replaced,substituído
bailey,Bailey
un,e
heels,salto
duties,obrigações
smarter,mais esperto
existed,existia
surprising,surpreendente
chess,xadrez
requested,Requeridos
cruise,cruzeiro
primary,Primário
rhythm,ritmo
drum,tambor
models,modelos
motorcycle,motocicleta
adopted,adotado
barrel,barril
cargo,carga
planets,planetas
shove,empurrão
wha,quatro
surprises,surpresas
rosie,Rosie
dings,dings
trailer,reboque
cannon,canhão
tables,mesas
arse,bunda
ally,aliado
lawrence,Lawrence
wee,wee
tapes,fitas
dull,chato
sandra,Sandra
teenage,Adolescência
kent,Kent
cooperate,colaborar
risks,riscos
dug,cavado
worthless,inútil
arriving,A chegar
kindness,gentileza
ties,laços
items,Unid
and-,e-
grip,pegada
relations,relações
rumor,boato
skirt,saia
frog,sapo
paige,Paige
lloyd,Lloyd
claimed,reivindicado
perfume,perfume
instrumental,instrumental
flames,chamas
association,Associação
loses,perde
january,janeiro
spike,espinho
israel,Israel
eleven,onze
gallery,galeria
ginger,ruivo
activities,Atividades
iraq,Iraque
boarding,embarque
fist,punho
stuffed,recheado
improve,melhorar
creation,criação
connie,Connie
infection,infecção
strikes,ataques
wiped,limpo
tension,tensão
whistles,assobios
kindly,gentilmente
certificate,certificado
curtis,Curtis
bold,audacioso
threats,ameaças
claudia,Claudia
sid,Sid
twisted,torcido
suspended,suspenso
affected,afetado
envy,inveja
whale,baleia
dial,Dial
cameron,Cameron
martial,marcial
controlled,controlada
lung,pulmão
nigga,mano
coal,carvão
upside,parte de cima
imperial,imperial
pam,Pam
paranoid,paranóico
signing,assinatura
congress,Congresso
villa,Villa
candles,velas
filling,enchimento
becky,Becky
comic,quadrinho
faint,desmaiar
recovery,recuperação
volunteer,voluntário
tech,tecnologia
bleed,sangrar
positions,posições
cindy,Cindy
narrow,estreito
forbid,proibir
stuart,Stuart
perspective,perspectiva
faced,enfrentou
neat,organizado
pierce,perfurar
observe,observar
cycle,ciclo
psychic,psíquico
handling,manuseio
goose,ganso
accidentally,acidentalmente
conclusion,conclusão
designer,Designer
sits,senta
importance,importância
spots,pontos
francs,Francos
sweep,varrer
destroying,destruindo
communist,comunista
blackmail,chantagem
pacific,pacífico
risky,arriscado
glorious,glorioso
filed,arquivado
hatred,ódio
cam,Cam
deals,negócios
pos,POS
fooling,enganando
persons,pessoas
scotch,escocês
executed,executado
brakes,freios
blank,em branco
tender,macio
kurt,Kurt
turner,torneiro
tub,banheira
sucker,otário
slight,pouco
addition,Adição
campus,campus